Municipio;Bairro;M+B;Lat;Long
SERRA;PARQUE DAS GAIVOTAS;PARQUE DAS GAIVOTAS - SERRA - ES - Brasil;;
VILA VELHA;JARDIM MARILÂNDIA;JARDIM MARILÂNDIA - VILA VELHA - ES - Brasil;;
VILA VELHA;VALE ENCANTADO;VALE ENCANTADO - VILA VELHA - ES - Brasil;;
VITORIA;SANTA HELENA;SANTA HELENA - VITORIA - ES - Brasil;;
VITORIA;SÃO JOSÉ;SÃO JOSÉ - VITORIA - ES - Brasil;;
SERRA;BAIRRO DAS LARANJEIRAS;BAIRRO DAS LARANJEIRAS - SERRA - ES - Brasil;;
VILA VELHA;CIDADE DA BARRA;CIDADE DA BARRA - VILA VELHA - ES - Brasil;;
AFONSO CLAUDIO;GRAMA;GRAMA - AFONSO CLAUDIO - ES - Brasil;;
APIACA;APIACÁ;APIACÁ - APIACA - ES - Brasil;;
CARIACICA;CARIACICA SEDE;CARIACICA SEDE - CARIACICA - ES - Brasil;;
DOMINGOS MARTINS;PEDRA AZUL;PEDRA AZUL - DOMINGOS MARTINS - ES - Brasil;;
VIANA;CABRAL;CABRAL - VIANA - ES - Brasil;;
VILA VELHA;ARAÇÁS;ARAÇÁS - VILA VELHA - ES - Brasil;;
SERRA;CARAPINA GRANDE;CARAPINA GRANDE - SERRA - ES - Brasil;;
SERRA;PLANALTO SERRANO;PLANALTO SERRANO - SERRA - ES - Brasil;;
NOVA VENECIA;SÃO CRISTOVÃO;SÃO CRISTOVÃO - NOVA VENECIA - ES - Brasil;;
FUNDAO;Não Encontrado;Não Encontrado - FUNDAO - ES - Brasil;;
VILA VELHA;ARIBIRÍ;ARIBIRÍ - VILA VELHA - ES - Brasil;;
LINHARES;INTERLAGOS;INTERLAGOS - LINHARES - ES - Brasil;;
PEDRO CANARIO;CENTRO;CENTRO - PEDRO CANARIO - ES - Brasil;;
SERRA;JARDIM CARAPINA;JARDIM CARAPINA - SERRA - ES - Brasil;;
CARIACICA;SÃO GERALDO;SÃO GERALDO - CARIACICA - ES - Brasil;;
SERRA;CIDADE POMAR;CIDADE POMAR - SERRA - ES - Brasil;;
SOORETAMA;Não Encontrado;Não Encontrado - SOORETAMA - ES - Brasil;;
VENDA NOVA DO IMIGRANTE;CACHOEIRA ALEGRE;CACHOEIRA ALEGRE - VENDA NOVA DO IMIGRANTE - ES - Brasil;;
CARIACICA;NOVA CANAÃ;NOVA CANAÃ - CARIACICA - ES - Brasil;;
CARIACICA;CASTELO BRANCO;CASTELO BRANCO - CARIACICA - ES - Brasil;;
COLATINA;AEROPORTO;AEROPORTO - COLATINA - ES - Brasil;;
COLATINA;NOSSA SENHORA APARECIDA;NOSSA SENHORA APARECIDA - COLATINA - ES - Brasil;;
GUACUI;Não Encontrado;Não Encontrado - GUACUI - ES - Brasil;;
PRESIDENTE KENNEDY;CAMPO NOVO I;CAMPO NOVO I - PRESIDENTE KENNEDY - ES - Brasil;;
PRESIDENTE KENNEDY;JAQUEIRA;JAQUEIRA - PRESIDENTE KENNEDY - ES - Brasil;;
SANTA MARIA DE JETIBA;CENTRO;CENTRO - SANTA MARIA DE JETIBA - ES - Brasil;;
SAO GABRIEL DA PALHA;CENTRO;CENTRO - SAO GABRIEL DA PALHA - ES - Brasil;;
SAO JOSE DO CALCADO;CENTRO;CENTRO - SAO JOSE DO CALCADO - ES - Brasil;;
SANTA TERESA;ALTO SANTO ANTONIO;ALTO SANTO ANTONIO - SANTA TERESA - ES - Brasil;;
LINHARES;CÓRREGO JAPIRA;CÓRREGO JAPIRA - LINHARES - ES - Brasil;;
CARIACICA;ALTO LAGE;ALTO LAGE - CARIACICA - ES - Brasil;;
ALFREDO CHAVES;OURO BRANCO;OURO BRANCO - ALFREDO CHAVES - ES - Brasil;;
VITORIA;ROMÃO;ROMÃO - VITORIA - ES - Brasil;;
VILA VELHA;1 DE MAIO;1 DE MAIO - VILA VELHA - ES - Brasil;;
FUNDAO;SANTO  ANTÔNIO;SANTO  ANTÔNIO - FUNDAO - ES - Brasil;;
VITORIA;CONQUISTA;CONQUISTA - VITORIA - ES - Brasil;;
LINHARES;ARAÇÁ;ARAÇÁ - LINHARES - ES - Brasil;;
SANTA TERESA;ALVORADA;ALVORADA - SANTA TERESA - ES - Brasil;;
SERRA;CENTRAL CARAPINA;CENTRAL CARAPINA - SERRA - ES - Brasil;;
SERRA;SÃO DIOGO II;SÃO DIOGO II - SERRA - ES - Brasil;;
ALFREDO CHAVES;PARQUE RESIDENCIAL ALFREDO CHAVES;PARQUE RESIDENCIAL ALFREDO CHAVES - ALFREDO CHAVES - ES - Brasil;;
ARACRUZ;VILA RICA;VILA RICA - ARACRUZ - ES - Brasil;;
ALFREDO CHAVES;MACRINA;MACRINA - ALFREDO CHAVES - ES - Brasil;;
IBIRACU;ELIAS BRAGATTO;ELIAS BRAGATTO - IBIRACU - ES - Brasil;;
COLATINA;Não Encontrado;Não Encontrado - COLATINA - ES - Brasil;;
SERRA;NOVO HORIZONTE;NOVO HORIZONTE - SERRA - ES - Brasil;;
SAO MATEUS;SANTO ANTÔNIO;SANTO ANTÔNIO - SAO MATEUS - ES - Brasil;;
FUNDAO;FUNDÃO;FUNDÃO - FUNDAO - ES - Brasil;;
COLATINA;CENTRO;CENTRO - COLATINA - ES - Brasil;;
COLATINA;COLATINA VELHA;COLATINA VELHA - COLATINA - ES - Brasil;;
COLATINA;NOVO HORIZONTE;NOVO HORIZONTE - COLATINA - ES - Brasil;;
CARIACICA;ITANGUÁ;ITANGUÁ - CARIACICA - ES - Brasil;;
SERRA;ANDRÉ CARLONI;ANDRÉ CARLONI - SERRA - ES - Brasil;;
VILA VELHA;SÃO TORQUATO;SÃO TORQUATO - VILA VELHA - ES - Brasil;;
SAO GABRIEL DA PALHA;GUSTAVO BOONE;GUSTAVO BOONE - SAO GABRIEL DA PALHA - ES - Brasil;;
SERRA;CONJUNTO CARAPINA I;CONJUNTO CARAPINA I - SERRA - ES - Brasil;;
NOVA IGUACU;NULL;NULL - NOVA IGUACU - ES - Brasil;;
VITORIA;JARDIM CAMBURI;JARDIM CAMBURI - VITORIA - ES - Brasil;;
VILA VELHA;ITAPUÃ;ITAPUÃ - VILA VELHA - ES - Brasil;;
VILA VELHA;PONTAL DAS GARÇAS;PONTAL DAS GARÇAS - VILA VELHA - ES - Brasil;;
SOORETAMA;ALEGRE;ALEGRE - SOORETAMA - ES - Brasil;;
SERRA;MORADA DE LARANJEIRAS;MORADA DE LARANJEIRAS - SERRA - ES - Brasil;;
SERRA;BARCELONA;BARCELONA - SERRA - ES - Brasil;;
SERRA;BALNEÁRIO DE CARAPEBUS;BALNEÁRIO DE CARAPEBUS - SERRA - ES - Brasil;;
BOM JESUS DO NORTE;CENTRO;CENTRO - BOM JESUS DO NORTE - ES - Brasil;;
CARIACICA;NOVA VALVERDE;NOVA VALVERDE - CARIACICA - ES - Brasil;;
FUNDAO;CENTRO;CENTRO - FUNDAO - ES - Brasil;;
COLATINA;JARDIM PLANALTO;JARDIM PLANALTO - COLATINA - ES - Brasil;;
SANTA TERESA;SÃO JOSÉ DO CALDEIRÃO;SÃO JOSÉ DO CALDEIRÃO - SANTA TERESA - ES - Brasil;;
LINHARES;AVISO;AVISO - LINHARES - ES - Brasil;;
LINHARES;TRÊS BARRAS;TRÊS BARRAS - LINHARES - ES - Brasil;;
JERONIMO MONTEIRO;CENTRO;CENTRO - JERONIMO MONTEIRO - ES - Brasil;;
CARIACICA;CAMPO VERDE;CAMPO VERDE - CARIACICA - ES - Brasil;;
CARIACICA;FLEXAL I;FLEXAL I - CARIACICA - ES - Brasil;;
CARIACICA;GRAÚNA;GRAÚNA - CARIACICA - ES - Brasil;;
SERRA;BARRO BRANCO;BARRO BRANCO - SERRA - ES - Brasil;;
VILA VELHA;MORRO DA LAGOA;MORRO DA LAGOA - VILA VELHA - ES - Brasil;;
RIO DE JANEIRO;NULL;NULL - RIO DE JANEIRO - ES - Brasil;;
SAO GONCALO;NULL;NULL - SAO GONCALO - ES - Brasil;;
MACAE;NULL;NULL - MACAE - ES - Brasil;;
VILA VELHA;COQUEIRAL DE ITAPARICA;COQUEIRAL DE ITAPARICA - VILA VELHA - ES - Brasil;;
VILA VELHA;TERRA VERMELHA;TERRA VERMELHA - VILA VELHA - ES - Brasil;;
VILA VALERIO;ARARIBÓIA;ARARIBÓIA - VILA VALERIO - ES - Brasil;;
VILA VELHA;ATAÍDE;ATAÍDE - VILA VELHA - ES - Brasil;;
VITORIA;SÃO BENEDITO;SÃO BENEDITO - VITORIA - ES - Brasil;;
SERRA;LARANJEIRAS VELHA;LARANJEIRAS VELHA - SERRA - ES - Brasil;;
FUNDAO;TIMBUÍ;TIMBUÍ - FUNDAO - ES - Brasil;;
CARIACICA;NOVA ROSA DA PENHA;NOVA ROSA DA PENHA - CARIACICA - ES - Brasil;;
SERRA;DIVINÓPOLIS;DIVINÓPOLIS - SERRA - ES - Brasil;;
SERRA;VISTA DA SERRA II;VISTA DA SERRA II - SERRA - ES - Brasil;;
SERRA;JARDIM LIMOEIRO;JARDIM LIMOEIRO - SERRA - ES - Brasil;;
VILA VELHA;JABURUNA;JABURUNA - VILA VELHA - ES - Brasil;;
VILA VELHA;RIO MARINHO;RIO MARINHO - VILA VELHA - ES - Brasil;;
GUARAPARI;SETIBA;SETIBA - GUARAPARI - ES - Brasil;;
SERRA;PARQUE RESIDENCIAL TUBARÃO;PARQUE RESIDENCIAL TUBARÃO - SERRA - ES - Brasil;;
RIO NOVO DO SUL;CENTRO;CENTRO - RIO NOVO DO SUL - ES - Brasil;;
SERRA;PRAIAMAR;PRAIAMAR - SERRA - ES - Brasil;;
SERRA;JOSÉ DE ANCHIETA I;JOSÉ DE ANCHIETA I - SERRA - ES - Brasil;;
CARIACICA;ALTO DA BOA VISTA;ALTO DA BOA VISTA - CARIACICA - ES - Brasil;;
VIANA;UNIVERSAL;UNIVERSAL - VIANA - ES - Brasil;;
ARACRUZ;PRIMAVERA;PRIMAVERA - ARACRUZ - ES - Brasil;;
MARATAIZES;BARRA DE ITAPEMIRIM;BARRA DE ITAPEMIRIM - MARATAIZES - ES - Brasil;;
CARIACICA;ITACIBÁ;ITACIBÁ - CARIACICA - ES - Brasil;;
VILA VELHA;SANTA RITA;SANTA RITA - VILA VELHA - ES - Brasil;;
VITORIA;NOVA PALESTINA;NOVA PALESTINA - VITORIA - ES - Brasil;;
VILA VELHA;GLÓRIA;GLÓRIA - VILA VELHA - ES - Brasil;;
VITORIA;SANTO ANDRÉ;SANTO ANDRÉ - VITORIA - ES - Brasil;;
CARIACICA;NOVO HORIZONTE;NOVO HORIZONTE - CARIACICA - ES - Brasil;;
SERRA;SERRA DOURADA II;SERRA DOURADA II - SERRA - ES - Brasil;;
ANCHIETA;Não Encontrado;Não Encontrado - ANCHIETA - ES - Brasil;;
SERRA;CAMPINHO DA SERRA I;CAMPINHO DA SERRA I - SERRA - ES - Brasil;;
PIUMA;MONTE AGHÁ;MONTE AGHÁ - PIUMA - ES - Brasil;;
GUARAPARI;MEAÍPE;MEAÍPE - GUARAPARI - ES - Brasil;;
FUNDAO;PRAIA GRANDE;PRAIA GRANDE - FUNDAO - ES - Brasil;;
CARIACICA;PORTO DE CARIACICA;PORTO DE CARIACICA - CARIACICA - ES - Brasil;;
CARIACICA;PORTO DE SANTANA;PORTO DE SANTANA - CARIACICA - ES - Brasil;;
CARIACICA;CRUZEIRO DO SUL;CRUZEIRO DO SUL - CARIACICA - ES - Brasil;;
VILA VELHA;SANTA INÊS;SANTA INÊS - VILA VELHA - ES - Brasil;;
VILA VELHA;ULISSES GUIMARÃES;ULISSES GUIMARÃES - VILA VELHA - ES - Brasil;;
SERRA;COLINA DE LARANJEIRAS;COLINA DE LARANJEIRAS - SERRA - ES - Brasil;;
VILA VELHA;PAUL;PAUL - VILA VELHA - ES - Brasil;;
VILA VELHA;JOÃO GOULART;JOÃO GOULART - VILA VELHA - ES - Brasil;;
SERRA;CIDADE CONTINENTAL;CIDADE CONTINENTAL - SERRA - ES - Brasil;;
DUQUE DE CAXIAS;NULL;NULL - DUQUE DE CAXIAS - ES - Brasil;;
VILA VELHA;Não Encontrado;Não Encontrado - VILA VELHA - ES - Brasil;;
VILA VELHA;PRAIA DE ITAPARICA;PRAIA DE ITAPARICA - VILA VELHA - ES - Brasil;;
VILA VELHA;BARRA DO JUCÚ;BARRA DO JUCÚ - VILA VELHA - ES - Brasil;;
VILA VELHA;ILHA DOS AYRES;ILHA DOS AYRES - VILA VELHA - ES - Brasil;;
VITORIA;JABOUR;JABOUR - VITORIA - ES - Brasil;;
RIO DAS OSTRAS;NULL;NULL - RIO DAS OSTRAS - ES - Brasil;;
VITORIA;PRAIA DO CANTO;PRAIA DO CANTO - VITORIA - ES - Brasil;;
VILA VELHA;VILA BATISTA;VILA BATISTA - VILA VELHA - ES - Brasil;;
VILA VELHA;SANTA MÔNICA;SANTA MÔNICA - VILA VELHA - ES - Brasil;;
CARIACICA;NOVO BRASIL;NOVO BRASIL - CARIACICA - ES - Brasil;;
CARIACICA;RIO BRANCO;RIO BRANCO - CARIACICA - ES - Brasil;;
SERRA;FEU ROSA;FEU ROSA - SERRA - ES - Brasil;;
SERRA;NOVA ALMEIDA CENTRO;NOVA ALMEIDA CENTRO - SERRA - ES - Brasil;;
SAO MATEUS;FÁTIMA;FÁTIMA - SAO MATEUS - ES - Brasil;;
DOMINGOS MARTINS;Não Encontrado;Não Encontrado - DOMINGOS MARTINS - ES - Brasil;;
GUACUI;CENTRO;CENTRO - GUACUI - ES - Brasil;;
JOAO NEIVA;CENTRO;CENTRO - JOAO NEIVA - ES - Brasil;;
LINHARES;BNH;BNH - LINHARES - ES - Brasil;;
GUARAPARI;CAMURUGI;CAMURUGI - GUARAPARI - ES - Brasil;;
GUARAPARI;OLARIA;OLARIA - GUARAPARI - ES - Brasil;;
ICONHA;JARDIM JANDYRA;JARDIM JANDYRA - ICONHA - ES - Brasil;;
IRUPI;CENTRO;CENTRO - IRUPI - ES - Brasil;;
CARIACICA;Não Encontrado;Não Encontrado - CARIACICA - ES - Brasil;;
CARIACICA;BANDEIRANTES;BANDEIRANTES - CARIACICA - ES - Brasil;;
CARIACICA;SANTANA;SANTANA - CARIACICA - ES - Brasil;;
CARIACICA;SANTO ANDRÉ;SANTO ANDRÉ - CARIACICA - ES - Brasil;;
CARIACICA;NOVA BRASILIA;NOVA BRASILIA - CARIACICA - ES - Brasil;;
CARIACICA;BELA AURORA;BELA AURORA - CARIACICA - ES - Brasil;;
CARIACICA;ORIENTE;ORIENTE - CARIACICA - ES - Brasil;;
CARIACICA;MORADA DE SANTA FÉ;MORADA DE SANTA FÉ - CARIACICA - ES - Brasil;;
CARIACICA;CAMPO GRANDE;CAMPO GRANDE - CARIACICA - ES - Brasil;;
CARIACICA;VILA PALESTINA;VILA PALESTINA - CARIACICA - ES - Brasil;;
CASTELO;NOSSA SENHORA APARECIDA;NOSSA SENHORA APARECIDA - CASTELO - ES - Brasil;;
BOM JESUS DO NORTE;SÃO JOÃO;SÃO JOÃO - BOM JESUS DO NORTE - ES - Brasil;;
CARIACICA;ANTONIO FERREIRA BORGES;ANTONIO FERREIRA BORGES - CARIACICA - ES - Brasil;;
CARIACICA;JARDIM AMÉRICA;JARDIM AMÉRICA - CARIACICA - ES - Brasil;;
ALFREDO CHAVES;CAJÁ;CAJÁ - ALFREDO CHAVES - ES - Brasil;;
ALFREDO CHAVES;CENTRO;CENTRO - ALFREDO CHAVES - ES - Brasil;;
ANCHIETA;MORRO DA PENHA;MORRO DA PENHA - ANCHIETA - ES - Brasil;;
SERRA;SERRA DOURADA I;SERRA DOURADA I - SERRA - ES - Brasil;;
SERRA;VILA NOVA DE COLARES;VILA NOVA DE COLARES - SERRA - ES - Brasil;;
SERRA;ELDORADO;ELDORADO - SERRA - ES - Brasil;;
SERRA;VISTA DA SERRA I;VISTA DA SERRA I - SERRA - ES - Brasil;;
SERRA;PRAIA DA BALEIA;PRAIA DA BALEIA - SERRA - ES - Brasil;;
SERRA;TAQUARA II;TAQUARA II - SERRA - ES - Brasil;;
SERRA;VALPARAÍSO;VALPARAÍSO - SERRA - ES - Brasil;;
SERRA;PITANGA;PITANGA - SERRA - ES - Brasil;;
SERRA;Não Encontrado;Não Encontrado - SERRA - ES - Brasil;;
SERRA;MANGUINHOS;MANGUINHOS - SERRA - ES - Brasil;;
SERRA;NOVA CARAPINA II;NOVA CARAPINA II - SERRA - ES - Brasil;;
VILA VELHA;COCAL;COCAL - VILA VELHA - ES - Brasil;;
VILA VELHA;MORADA DA BARRA;MORADA DA BARRA - VILA VELHA - ES - Brasil;;
VILA VELHA;ALVORADA;ALVORADA - VILA VELHA - ES - Brasil;;
VILA VELHA;PRAIA DA COSTA;PRAIA DA COSTA - VILA VELHA - ES - Brasil;;
VILA VELHA;COBILÂNDIA;COBILÂNDIA - VILA VELHA - ES - Brasil;;
VILA VELHA;NOVA AMÉRICA;NOVA AMÉRICA - VILA VELHA - ES - Brasil;;
VILA VELHA;ILHA DAS FLORES;ILHA DAS FLORES - VILA VELHA - ES - Brasil;;
VILA VELHA;JOCKEY DE ITAPARICA;JOCKEY DE ITAPARICA - VILA VELHA - ES - Brasil;;
VILA VELHA;SANTOS DUMONT;SANTOS DUMONT - VILA VELHA - ES - Brasil;;
SERRA;PARQUE RESIDENCIAL LARANJEIRAS;PARQUE RESIDENCIAL LARANJEIRAS - SERRA - ES - Brasil;;
VITORIA;CONSOLAÇÃO;CONSOLAÇÃO - VITORIA - ES - Brasil;;
VITORIA;JARDIM DA PENHA;JARDIM DA PENHA - VITORIA - ES - Brasil;;
VITORIA;MARIA ORTIZ;MARIA ORTIZ - VITORIA - ES - Brasil;;
VITORIA;BONFIM;BONFIM - VITORIA - ES - Brasil;;
CAMPOS DOS GOYTACAZES;NULL;NULL - CAMPOS DOS GOYTACAZES - ES - Brasil;;
CASIMIRO DE ABREU;NULL;NULL - CASIMIRO DE ABREU - ES - Brasil;;
VITORIA;MATA DA PRAIA;MATA DA PRAIA - VITORIA - ES - Brasil;;
VITORIA;ILHA DE SANTA MARIA;ILHA DE SANTA MARIA - VITORIA - ES - Brasil;;
VITORIA;JESUS DE NAZARETH;JESUS DE NAZARETH - VITORIA - ES - Brasil;;
VITORIA;REDENÇÃO;REDENÇÃO - VITORIA - ES - Brasil;;
VITORIA;SANTA CECÍLIA;SANTA CECÍLIA - VITORIA - ES - Brasil;;
VITORIA;PRAIA DO SUÁ;PRAIA DO SUÁ - VITORIA - ES - Brasil;;
NILOPOLIS;NULL;NULL - NILOPOLIS - ES - Brasil;;
CONCEICAO DE MACABU;NULL;NULL - CONCEICAO DE MACABU - ES - Brasil;;
VITORIA;SANTA MARTHA;SANTA MARTHA - VITORIA - ES - Brasil;;
VOLTA REDONDA;NULL;NULL - VOLTA REDONDA - ES - Brasil;;
SERRA;COSTA DOURADA;COSTA DOURADA - SERRA - ES - Brasil;;
SERRA;RESIDENCIAL JACARAÍPE;RESIDENCIAL JACARAÍPE - SERRA - ES - Brasil;;
VILA VELHA;SÃO CONRADO;SÃO CONRADO - VILA VELHA - ES - Brasil;;
SERRA;SERRA DOURADA III;SERRA DOURADA III - SERRA - ES - Brasil;;
VILA VELHA;SOTECO;SOTECO - VILA VELHA - ES - Brasil;;
VILA VELHA;NOVA ITAPARICA;NOVA ITAPARICA - VILA VELHA - ES - Brasil;;
VILA VELHA;CENTRO;CENTRO - VILA VELHA - ES - Brasil;;
VILA VELHA;JARDIM GUADALAJARA;JARDIM GUADALAJARA - VILA VELHA - ES - Brasil;;
VILA VELHA;NOVO MÉXICO;NOVO MÉXICO - VILA VELHA - ES - Brasil;;
VILA VELHA;PRAIA DAS GAIVOTAS;PRAIA DAS GAIVOTAS - VILA VELHA - ES - Brasil;;
VILA VELHA;NOSSA SENHORA DA PENHA;NOSSA SENHORA DA PENHA - VILA VELHA - ES - Brasil;;
VILA VELHA;BARRAMARES;BARRAMARES - VILA VELHA - ES - Brasil;;
VILA VELHA;VILA NOVA;VILA NOVA - VILA VELHA - ES - Brasil;;
VILA VELHA;IBES;IBES - VILA VELHA - ES - Brasil;;
VILA VELHA;JARDIM ASTECA;JARDIM ASTECA - VILA VELHA - ES - Brasil;;
VILA VELHA;DOM JOÃO BATISTA;DOM JOÃO BATISTA - VILA VELHA - ES - Brasil;;
VILA VELHA;JARDIM COLORADO;JARDIM COLORADO - VILA VELHA - ES - Brasil;;
VILA VELHA;GUARANHUNS;GUARANHUNS - VILA VELHA - ES - Brasil;;
VITORIA;TABUAZEIRO;TABUAZEIRO - VITORIA - ES - Brasil;;
VITORIA;SÃO PEDRO;SÃO PEDRO - VITORIA - ES - Brasil;;
VITORIA;BENTO FERREIRA;BENTO FERREIRA - VITORIA - ES - Brasil;;
VITORIA;ANDORINHAS;ANDORINHAS - VITORIA - ES - Brasil;;
VITORIA;CENTRO;CENTRO - VITORIA - ES - Brasil;;
VITORIA;SÃO CRISTÓVÃO;SÃO CRISTÓVÃO - VITORIA - ES - Brasil;;
VILA VELHA;VILA GARRIDO;VILA GARRIDO - VILA VELHA - ES - Brasil;;
VILA VELHA;BOA VISTA I;BOA VISTA I - VILA VELHA - ES - Brasil;;
GUAPIMIRIM;NULL;NULL - GUAPIMIRIM - ES - Brasil;;
NITEROI;SOLON BORGES;SOLON BORGES - NITEROI - ES - Brasil;;
BOM JESUS DO ITABAPOANA;NULL;NULL - BOM JESUS DO ITABAPOANA - ES - Brasil;;
CABO FRIO;NULL;NULL - CABO FRIO - ES - Brasil;;
QUEIMADOS;NULL;NULL - QUEIMADOS - ES - Brasil;;
SERRA;CONJUNTO JACARAÍPE;CONJUNTO JACARAÍPE - SERRA - ES - Brasil;;
VITORIA;SANTA LUÍZA;SANTA LUÍZA - VITORIA - ES - Brasil;;
JOAO NEIVA;BAIRRO DE FÁTIMA;BAIRRO DE FÁTIMA - JOAO NEIVA - ES - Brasil;;
CARIACICA;NOVA ESPERANÇA;NOVA ESPERANÇA - CARIACICA - ES - Brasil;;
SERRA;MANOEL PLAZA;MANOEL PLAZA - SERRA - ES - Brasil;;
SERRA;PORTO CANOA;PORTO CANOA - SERRA - ES - Brasil;;
SERRA;SÃO DOMINGOS;SÃO DOMINGOS - SERRA - ES - Brasil;;
SAO JOSE DO CALCADO;ALTO CALÇADO;ALTO CALÇADO - SAO JOSE DO CALCADO - ES - Brasil;;
CARIACICA;RIO MARINHO;RIO MARINHO - CARIACICA - ES - Brasil;;
CARIACICA;FORMATE;FORMATE - CARIACICA - ES - Brasil;;
CARIACICA;SÃO FRANCISCO;SÃO FRANCISCO - CARIACICA - ES - Brasil;;
BREJETUBA;CÓRREGO DA PASSAGEM ;CÓRREGO DA PASSAGEM  - BREJETUBA - ES - Brasil;;
ANCHIETA;PORTO DE CIMA;PORTO DE CIMA - ANCHIETA - ES - Brasil;;
CARIACICA;SÃO GERALDO II;SÃO GERALDO II - CARIACICA - ES - Brasil;;
GUARAPARI;ITAPEBUSSU;ITAPEBUSSU - GUARAPARI - ES - Brasil;;
VITORIA;ITARARÉ;ITARARÉ - VITORIA - ES - Brasil;;
VITORIA;DA PENHA;DA PENHA - VITORIA - ES - Brasil;;
VITORIA;UNIVERSITÁRIO;UNIVERSITÁRIO - VITORIA - ES - Brasil;;
VILA VELHA;SANTA PAULA II;SANTA PAULA II - VILA VELHA - ES - Brasil;;
VILA VELHA;CRISTOVÃO COLOMBO;CRISTOVÃO COLOMBO - VILA VELHA - ES - Brasil;;
VILA VELHA;RIVIERA DA BARRA;RIVIERA DA BARRA - VILA VELHA - ES - Brasil;;
VILA VELHA;ARGOLAS;ARGOLAS - VILA VELHA - ES - Brasil;;
VITORIA;DO QUADRO;DO QUADRO - VITORIA - ES - Brasil;;
VITORIA;MARUÍPE;MARUÍPE - VITORIA - ES - Brasil;;
VITORIA;BELA VISTA;BELA VISTA - VITORIA - ES - Brasil;;
VITORIA;GOIABEIRAS;GOIABEIRAS - VITORIA - ES - Brasil;;
SERRA;NOVA CARAPINA I;NOVA CARAPINA I - SERRA - ES - Brasil;;
SERRA;JARDIM ATLÂNTICO;JARDIM ATLÂNTICO - SERRA - ES - Brasil;;
SERRA;MARINGÁ;MARINGÁ - SERRA - ES - Brasil;;
SERRA;BOA VISTA I (NOVA ALMEIDA);BOA VISTA I (NOVA ALMEIDA) - SERRA - ES - Brasil;;
SERRA;HÉLIO FERRAZ;HÉLIO FERRAZ - SERRA - ES - Brasil;;
SERRA;JARDIM TROPICAL;JARDIM TROPICAL - SERRA - ES - Brasil;;
SERRA;BICANGA;BICANGA - SERRA - ES - Brasil;;
SERRA;RESIDENCIAL CENTRO DA SERRA;RESIDENCIAL CENTRO DA SERRA - SERRA - ES - Brasil;;
VILA VELHA;PLANALTO;PLANALTO - VILA VELHA - ES - Brasil;;
VILA VALERIO;CÓRREGO DO TEMA;CÓRREGO DO TEMA - VILA VALERIO - ES - Brasil;;
SERRA;MATA DA SERRA;MATA DA SERRA - SERRA - ES - Brasil;;
SERRA;LAGOA DE CARAPEBUS;LAGOA DE CARAPEBUS - SERRA - ES - Brasil;;
VILA VELHA;VISTA DA PENHA;VISTA DA PENHA - VILA VELHA - ES - Brasil;;
SERRA;SÃO DIOGO I;SÃO DIOGO I - SERRA - ES - Brasil;;
VIANA;RIBEIRA;RIBEIRA - VIANA - ES - Brasil;;
CARIACICA;VASCO DA GAMA;VASCO DA GAMA - CARIACICA - ES - Brasil;;
CARIACICA;SÃO CONRADO;SÃO CONRADO - CARIACICA - ES - Brasil;;
CARIACICA;SANTO ANTÔNIO;SANTO ANTÔNIO - CARIACICA - ES - Brasil;;
CARIACICA;SANTA BARBARA;SANTA BARBARA - CARIACICA - ES - Brasil;;
APIACA;CENTRO;CENTRO - APIACA - ES - Brasil;;
CARIACICA;VILA ISABEL;VILA ISABEL - CARIACICA - ES - Brasil;;
CARIACICA;NOVO JARDIM ;NOVO JARDIM  - CARIACICA - ES - Brasil;;
CARIACICA;MARACANÃ;MARACANÃ - CARIACICA - ES - Brasil;;
FUNDAO;SÃO JOSÉ;SÃO JOSÉ - FUNDAO - ES - Brasil;;
IBIRACU;ARICANGA;ARICANGA - IBIRACU - ES - Brasil;;
GUARAPARI;SOL NASCENTE;SOL NASCENTE - GUARAPARI - ES - Brasil;;
COLATINA;PADRE JOSÉ DE ANCHIETA;PADRE JOSÉ DE ANCHIETA - COLATINA - ES - Brasil;;
COLATINA;SÃO SILVANO;SÃO SILVANO - COLATINA - ES - Brasil;;
COLATINA;SÃO VICENTE;SÃO VICENTE - COLATINA - ES - Brasil;;
SERRA;PARQUE RESIDENCIAL NOVA ALMEIDA;PARQUE RESIDENCIAL NOVA ALMEIDA - SERRA - ES - Brasil;;
RIO NOVO DO SUL;SÃO JOSÉ;SÃO JOSÉ - RIO NOVO DO SUL - ES - Brasil;;
SANTA LEOPOLDINA;MOXAFONGO;MOXAFONGO - SANTA LEOPOLDINA - ES - Brasil;;
SERRA;ENSEADA DE JACARAÍPE;ENSEADA DE JACARAÍPE - SERRA - ES - Brasil;;
SAO ROQUE DO CANAA;SÃO JACINTO;SÃO JACINTO - SAO ROQUE DO CANAA - ES - Brasil;;
ANCHIETA;PRAIA DE PARATI;PRAIA DE PARATI - ANCHIETA - ES - Brasil;;
ANCHIETA;IRIRI;IRIRI - ANCHIETA - ES - Brasil;;
ALEGRE;Não Encontrado;Não Encontrado - ALEGRE - ES - Brasil;;
PARNAMIRIM;NULL;NULL - PARNAMIRIM - ES - Brasil;;
JOAO PESSOA;NULL;NULL - JOAO PESSOA - ES - Brasil;;
DIVINO;NULL;NULL - DIVINO - ES - Brasil;;
MACAPA;NULL;NULL - MACAPA - ES - Brasil;;
SERRA;SÃO GERALDO;SÃO GERALDO - SERRA - ES - Brasil;;
SERRA;SÃO LOURENÇO;SÃO LOURENÇO - SERRA - ES - Brasil;;
CARIACICA;VALE ESPERANÇA;VALE ESPERANÇA - CARIACICA - ES - Brasil;;
VIANA;MARCÍLIO DE NORONHA;MARCÍLIO DE NORONHA - VIANA - ES - Brasil;;
CARIACICA;ROSA DA PENHA;ROSA DA PENHA - CARIACICA - ES - Brasil;;
CARIACICA;TUCUM;TUCUM - CARIACICA - ES - Brasil;;
CARIACICA;ITAPEMIRIM;ITAPEMIRIM - CARIACICA - ES - Brasil;;
VITORIA;INHANGUETÁ;INHANGUETÁ - VITORIA - ES - Brasil;;
VITORIA;FRADINHOS;FRADINHOS - VITORIA - ES - Brasil;;
VITORIA;FORTE SÃO JOÃO;FORTE SÃO JOÃO - VITORIA - ES - Brasil;;
VITORIA;ILHA DAS CAIEIRAS;ILHA DAS CAIEIRAS - VITORIA - ES - Brasil;;
VILA VELHA;DIVINO ESPÍRITO SANTO;DIVINO ESPÍRITO SANTO - VILA VELHA - ES - Brasil;;
VILA VELHA;CAVALIERE;CAVALIERE - VILA VELHA - ES - Brasil;;
CARIACICA;DOM BOSCO;DOM BOSCO - CARIACICA - ES - Brasil;;
CARIACICA;VISTA MAR;VISTA MAR - CARIACICA - ES - Brasil;;
VILA VELHA;OLARIA;OLARIA - VILA VELHA - ES - Brasil;;
VITORIA;RESISTÊNCIA;RESISTÊNCIA - VITORIA - ES - Brasil;;
VITORIA;SANTOS DUMONT;SANTOS DUMONT - VITORIA - ES - Brasil;;
VENDA NOVA DO IMIGRANTE;TAPERA;TAPERA - VENDA NOVA DO IMIGRANTE - ES - Brasil;;
SERRA;ROSÁRIO DE FÁTIMA;ROSÁRIO DE FÁTIMA - SERRA - ES - Brasil;;
ARACRUZ;SAUE;SAUE - ARACRUZ - ES - Brasil;;
SAO MATEUS;SERNAMBY;SERNAMBY - SAO MATEUS - ES - Brasil;;
SAO MATEUS;IDEAL;IDEAL - SAO MATEUS - ES - Brasil;;
SERRA;CHÁCARA PARREIRAL;CHÁCARA PARREIRAL - SERRA - ES - Brasil;;
GUARAPARI;MUQUIÇABA;MUQUIÇABA - GUARAPARI - ES - Brasil;;
GUARAPARI;PARQUE AREIA PRETA;PARQUE AREIA PRETA - GUARAPARI - ES - Brasil;;
ITAPEMIRIM;Não Encontrado;Não Encontrado - ITAPEMIRIM - ES - Brasil;;
GUACUI;SÃO JOSÉ;SÃO JOSÉ - GUACUI - ES - Brasil;;
COLATINA;MARIA DAS GRAÇAS;MARIA DAS GRAÇAS - COLATINA - ES - Brasil;;
ANCHIETA;BENEVENTE;BENEVENTE - ANCHIETA - ES - Brasil;;
CACHOEIRO DE ITAPEMIRIM;GILBERTO MACHADO;GILBERTO MACHADO - CACHOEIRO DE ITAPEMIRIM - ES - Brasil;;
CACHOEIRO DE ITAPEMIRIM;INDEPENDÊNCIA;INDEPENDÊNCIA - CACHOEIRO DE ITAPEMIRIM - ES - Brasil;;
CACHOEIRO DE ITAPEMIRIM;AMARELO;AMARELO - CACHOEIRO DE ITAPEMIRIM - ES - Brasil;;
ARACRUZ;VILA SANTI;VILA SANTI - ARACRUZ - ES - Brasil;;
ARACAJU;NULL;NULL - ARACAJU - ES - Brasil;;
COLATINA;CASTELO BRANCO;CASTELO BRANCO - COLATINA - ES - Brasil;;
COLATINA;SANTA MARGARIDA;SANTA MARGARIDA - COLATINA - ES - Brasil;;
COLATINA;VILA NOVA;VILA NOVA - COLATINA - ES - Brasil;;
CARIACICA;PORTO BELO I ;PORTO BELO I  - CARIACICA - ES - Brasil;;
SERRA;SÃO PATRÍCIO;SÃO PATRÍCIO - SERRA - ES - Brasil;;
SERRA;COLINA DA SERRA;COLINA DA SERRA - SERRA - ES - Brasil;;
SERRA;EURICO SALLES;EURICO SALLES - SERRA - ES - Brasil;;
VENDA NOVA DO IMIGRANTE;VILA BETÂNEA;VILA BETÂNEA - VENDA NOVA DO IMIGRANTE - ES - Brasil;;
VILA VELHA;ILHA DOS BENTOS;ILHA DOS BENTOS - VILA VELHA - ES - Brasil;;
VIANA;VILA BETHÂNIA;VILA BETHÂNIA - VIANA - ES - Brasil;;
SERRA;SANTA LUZIA;SANTA LUZIA - SERRA - ES - Brasil;;
VITORIA;BARRO VERMELHO;BARRO VERMELHO - VITORIA - ES - Brasil;;
VITORIA;ENSEADA DO SUÁ;ENSEADA DO SUÁ - VITORIA - ES - Brasil;;
CAMPO LARGO;NULL;NULL - CAMPO LARGO - ES - Brasil;;
FLORIANOPOLIS;Não Encontrado;Não Encontrado - FLORIANOPOLIS - ES - Brasil;;
POMPEIA;NULL;NULL - POMPEIA - ES - Brasil;;
VILA VELHA;INTERLAGOS I E II;INTERLAGOS I E II - VILA VELHA - ES - Brasil;;
VITORIA;Não Encontrado;Não Encontrado - VITORIA - ES - Brasil;;
VITORIA;SANTA LÚCIA;SANTA LÚCIA - VITORIA - ES - Brasil;;
VITORIA;REPÚBLICA;REPÚBLICA - VITORIA - ES - Brasil;;
VITORIA;ANTÔNIO HONÓRIO;ANTÔNIO HONÓRIO - VITORIA - ES - Brasil;;
SANTO ANDRE;NULL;NULL - SANTO ANDRE - ES - Brasil;;
NITEROI;NULL;NULL - NITEROI - ES - Brasil;;
SANTA TERESA;CENTENÁRIO;CENTENÁRIO - SANTA TERESA - ES - Brasil;;
ARACRUZ;GUANABARA;GUANABARA - ARACRUZ - ES - Brasil;;
VITORIA;DE LOURDES;DE LOURDES - VITORIA - ES - Brasil;;
VITORIA;SANTO ANTÔNIO;SANTO ANTÔNIO - VITORIA - ES - Brasil;;
VITORIA;ILHA DO BOI;ILHA DO BOI - VITORIA - ES - Brasil;;
SERRA;OURIMAR;OURIMAR - SERRA - ES - Brasil;;
SERRA;SERRA CENTRO;SERRA CENTRO - SERRA - ES - Brasil;;
SERRA;PARQUE RESIDENCIAL MESTRE ÁLVARO;PARQUE RESIDENCIAL MESTRE ÁLVARO - SERRA - ES - Brasil;;
VIANA;CANAÃ;CANAÃ - VIANA - ES - Brasil;;
CARIACICA;BOA SORTE;BOA SORTE - CARIACICA - ES - Brasil;;
DOMINGOS MARTINS;ARACÊ;ARACÊ - DOMINGOS MARTINS - ES - Brasil;;
SERRA;PRAIA DE CARAPEBUS;PRAIA DE CARAPEBUS - SERRA - ES - Brasil;;
PIUMA;CENTRO;CENTRO - PIUMA - ES - Brasil;;
SAO MATEUS;GURIRI;GURIRI - SAO MATEUS - ES - Brasil;;
VILA VELHA;RESIDENCIAL COQUEIRAL;RESIDENCIAL COQUEIRAL - VILA VELHA - ES - Brasil;;
SERRA;BOA VISTA II (CARAPINA);BOA VISTA II (CARAPINA) - SERRA - ES - Brasil;;
SERRA;PORTAL DE JACARAÍPE;PORTAL DE JACARAÍPE - SERRA - ES - Brasil;;
SERRA;SERRAMAR;SERRAMAR - SERRA - ES - Brasil;;
SAO MATEUS;NOVO HORIZONTE;NOVO HORIZONTE - SAO MATEUS - ES - Brasil;;
SAO MATEUS;JACUÍ;JACUÍ - SAO MATEUS - ES - Brasil;;
LINHARES;JARDIM LAGUNA;JARDIM LAGUNA - LINHARES - ES - Brasil;;
ALFREDO CHAVES;PORTAL DOS IMIGRANTES ;PORTAL DOS IMIGRANTES  - ALFREDO CHAVES - ES - Brasil;;
ARACRUZ;Não Encontrado;Não Encontrado - ARACRUZ - ES - Brasil;;
ARACRUZ;JARDINS;JARDINS - ARACRUZ - ES - Brasil;;
BOA ESPERANCA;CENTRO;CENTRO - BOA ESPERANCA - ES - Brasil;;
BOM JESUS DO NORTE;VISTA ALEGRE;VISTA ALEGRE - BOM JESUS DO NORTE - ES - Brasil;;
GUARAPARI;PEROCÃO;PEROCÃO - GUARAPARI - ES - Brasil;;
LINHARES;CENTRO;CENTRO - LINHARES - ES - Brasil;;
LINHARES;SANTA CRUZ;SANTA CRUZ - LINHARES - ES - Brasil;;
ITAPEMIRIM;CAMPO ACIMA;CAMPO ACIMA - ITAPEMIRIM - ES - Brasil;;
GUARAPARI;PONTAL SANTA MÔNICA;PONTAL SANTA MÔNICA - GUARAPARI - ES - Brasil;;
SAO ROQUE DO CANAA;VILA VERDE;VILA VERDE - SAO ROQUE DO CANAA - ES - Brasil;;
SERRA;BAIRRO DE FÁTIMA;BAIRRO DE FÁTIMA - SERRA - ES - Brasil;;
SAO MATEUS;RESIDENCIAL PARQUE WASHIGTON;RESIDENCIAL PARQUE WASHIGTON - SAO MATEUS - ES - Brasil;;
SERRA;ALTEROSAS;ALTEROSAS - SERRA - ES - Brasil;;
NANUQUE;NULL;NULL - NANUQUE - ES - Brasil;;
SETE LAGOAS;MATA DA PRAIA;MATA DA PRAIA - SETE LAGOAS - ES - Brasil;;
AFONSO CLAUDIO;CENTRO;CENTRO - AFONSO CLAUDIO - ES - Brasil;;
OLINDA;NULL;NULL - OLINDA - ES - Brasil;;
CABEDELO;NULL;NULL - CABEDELO - ES - Brasil;;
ALAGOINHAS;NULL;NULL - ALAGOINHAS - ES - Brasil;;
SALVADOR;NULL;NULL - SALVADOR - ES - Brasil;;
CARIACICA;VERA CRUZ;VERA CRUZ - CARIACICA - ES - Brasil;;
CARIACICA;SANTA CECÍLIA;SANTA CECÍLIA - CARIACICA - ES - Brasil;;
CARIACICA;APARECIDA;APARECIDA - CARIACICA - ES - Brasil;;
CARIACICA;JARDIM CAMPO GRANDE;JARDIM CAMPO GRANDE - CARIACICA - ES - Brasil;;
CARIACICA;ALZIRA RAMOS;ALZIRA RAMOS - CARIACICA - ES - Brasil;;
CACHOEIRO DE ITAPEMIRIM;AQUIDABAN;AQUIDABAN - CACHOEIRO DE ITAPEMIRIM - ES - Brasil;;
CARIACICA;VILA CAPIXABA;VILA CAPIXABA - CARIACICA - ES - Brasil;;
CARIACICA;ITAQUARI;ITAQUARI - CARIACICA - ES - Brasil;;
CARIACICA;BELA VISTA;BELA VISTA - CARIACICA - ES - Brasil;;
VILA VELHA;PONTA DA FRUTA;PONTA DA FRUTA - VILA VELHA - ES - Brasil;;
VIANA;CENTRO;CENTRO - VIANA - ES - Brasil;;
VIANA;NOVA BETHÂNIA;NOVA BETHÂNIA - VIANA - ES - Brasil;;
SERRA;RESIDENCIAL VISTA DO MESTRE;RESIDENCIAL VISTA DO MESTRE - SERRA - ES - Brasil;;
VIANA;CAXIAS DO SUL;CAXIAS DO SUL - VIANA - ES - Brasil;;
SERRA;NOVO PORTO CANOA;NOVO PORTO CANOA - SERRA - ES - Brasil;;
SERRA;BOULEVARD LAGOA;BOULEVARD LAGOA - SERRA - ES - Brasil;;
VILA VELHA;ZUMBI DOS PALMARES;ZUMBI DOS PALMARES - VILA VELHA - ES - Brasil;;
COLATINA;HONÓRIO FRAGA;HONÓRIO FRAGA - COLATINA - ES - Brasil;;
CARIACICA;SOTEMA;SOTEMA - CARIACICA - ES - Brasil;;
CARIACICA;TABAJARA;TABAJARA - CARIACICA - ES - Brasil;;
CARIACICA;MUCURI;MUCURI - CARIACICA - ES - Brasil;;
SERRA;PLANÍCIE DA SERRA;PLANÍCIE DA SERRA - SERRA - ES - Brasil;;
SERRA;JARDIM DA SERRA;JARDIM DA SERRA - SERRA - ES - Brasil;;
CASTELO;CENTRO;CENTRO - CASTELO - ES - Brasil;;
CASTELO;VILA IZABEL;VILA IZABEL - CASTELO - ES - Brasil;;
VITORIA;GURIGICA;GURIGICA - VITORIA - ES - Brasil;;
VITORIA;SANTOS REIS;SANTOS REIS - VITORIA - ES - Brasil;;
VITORIA;ILHA DO FRADE;ILHA DO FRADE - VITORIA - ES - Brasil;;
VITORIA;GRANDE VITÓRIA;GRANDE VITÓRIA - VITORIA - ES - Brasil;;
VITORIA;CARATOÍRA;CARATOÍRA - VITORIA - ES - Brasil;;
SAO PAULO;NULL;NULL - SAO PAULO - ES - Brasil;;
SOROCABA;NULL;NULL - SOROCABA - ES - Brasil;;
JOINVILLE;NULL;NULL - JOINVILLE - ES - Brasil;;
LEME;NULL;NULL - LEME - ES - Brasil;;
SAO FRANCISCO DE ITABAPOANA;NULL;NULL - SAO FRANCISCO DE ITABAPOANA - ES - Brasil;;
MAGE;NULL;NULL - MAGE - ES - Brasil;;
CORDEIRO;NULL;NULL - CORDEIRO - ES - Brasil;;
VILA VELHA;NOVA PONTA DA FRUTA;NOVA PONTA DA FRUTA - VILA VELHA - ES - Brasil;;
VILA VELHA;ALECRIM;ALECRIM - VILA VELHA - ES - Brasil;;
GUARAPARI;PRAIA DO MORRO;PRAIA DO MORRO - GUARAPARI - ES - Brasil;;
LINHARES;PLANALTO;PLANALTO - LINHARES - ES - Brasil;;
CARIACICA;SÃO JOÃO BATISTA;SÃO JOÃO BATISTA - CARIACICA - ES - Brasil;;
CARIACICA;OPERÁRIO;OPERÁRIO - CARIACICA - ES - Brasil;;
VILA VELHA;JARDIM DO VALE;JARDIM DO VALE - VILA VELHA - ES - Brasil;;
SERRA;SÃO MARCOS I;SÃO MARCOS I - SERRA - ES - Brasil;;
VITORIA;JOANA DARC;JOANA DARC - VITORIA - ES - Brasil;;
VITORIA;PARQUE MOSCOSO;PARQUE MOSCOSO - VITORIA - ES - Brasil;;
MONTE ALEGRE DE SERGIPE;NULL;NULL - MONTE ALEGRE DE SERGIPE - ES - Brasil;;
ARACRUZ;SEGATO;SEGATO - ARACRUZ - ES - Brasil;;
ARACRUZ;FÁTIMA;FÁTIMA - ARACRUZ - ES - Brasil;;
PRESIDENTE KENNEDY;FAZENDA CAETES;FAZENDA CAETES - PRESIDENTE KENNEDY - ES - Brasil;;
SERRA;CASTELÂNDIA;CASTELÂNDIA - SERRA - ES - Brasil;;
SERRA;JARDIM BELA VISTA;JARDIM BELA VISTA - SERRA - ES - Brasil;;
SERRA;ESTÂNCIA MONAZÍTICA;ESTÂNCIA MONAZÍTICA - SERRA - ES - Brasil;;
SERRA;SÃO JUDAS TADEU;SÃO JUDAS TADEU - SERRA - ES - Brasil;;
MARICA;NULL;NULL - MARICA - ES - Brasil;;
ITABORAI;NULL;NULL - ITABORAI - ES - Brasil;;
SAO JOSE DOS CAMPOS;NULL;NULL - SAO JOSE DOS CAMPOS - ES - Brasil;;
VILA VELHA;COBI DE CIMA;COBI DE CIMA - VILA VELHA - ES - Brasil;;
VITORIA;ILHA DO PRÍNCIPE;ILHA DO PRÍNCIPE - VITORIA - ES - Brasil;;
SERRA;JARDIM GUANABARA;JARDIM GUANABARA - SERRA - ES - Brasil;;
VENDA NOVA DO IMIGRANTE;BELA AURORA;BELA AURORA - VENDA NOVA DO IMIGRANTE - ES - Brasil;;
VIANA;Não Encontrado;Não Encontrado - VIANA - ES - Brasil;;
SERRA;JACUHY;JACUHY - SERRA - ES - Brasil;;
ALEGRE;CENTRO;CENTRO - ALEGRE - ES - Brasil;;
ALFREDO CHAVES;ZONA RURAL;ZONA RURAL - ALFREDO CHAVES - ES - Brasil;;
FORTALEZA;NULL;NULL - FORTALEZA - ES - Brasil;;
CARIACICA;VILA MERLO;VILA MERLO - CARIACICA - ES - Brasil;;
ITAPEMIRIM;ITAOCA;ITAOCA - ITAPEMIRIM - ES - Brasil;;
GUARAPARI;INDEPENDÊNCIA;INDEPENDÊNCIA - GUARAPARI - ES - Brasil;;
MARECHAL FLORIANO;CENTRO;CENTRO - MARECHAL FLORIANO - ES - Brasil;;
SAO GABRIEL DA PALHA;VILA COMBONI;VILA COMBONI - SAO GABRIEL DA PALHA - ES - Brasil;;
CASTELO;SANTA MÔNICA;SANTA MÔNICA - CASTELO - ES - Brasil;;
ARACRUZ;ALDEIA PAU BRASIL;ALDEIA PAU BRASIL - ARACRUZ - ES - Brasil;;
FUNDAO;OZÉIAS;OZÉIAS - FUNDAO - ES - Brasil;;
